english level (4),exclamation (exclam.) (20),preposition (prep.) (59),indefinite article (2),definite article (1),determiner (det.) (42),adjectives (adj.) (650),noun (n.) (1798),pronoun (pron.) (76),adverbs (adv.) (263),infinitive marker (1),verb (v.) (814),modal verb(v.) (14),auxiliary verb(v.) (3),conjunction (conj.) (30),number (37)
A1 (901)
,bye,about,a,the,all,afraid,action,all,about,to,add,can,be,and,eight
,goodbye,above,an,,another,amazing,activity,another,above,,agree,cannot,do,because,eighteen
,hello,across,,,any,angry,actor,any,across,,answer,could,,but,eighty
,hey,after,,,both,bad,actress,anyone,again,,arrive,have to,,if,eleven
,hi,around,,,each,beautiful,address,anything,ago,,ask,must,,or,fifteen
,no,as,,,enough,best,adult,both,also,,be,should,,so,fifth
,oh,at,,,every,better,advice,each,always,,become,will,,than,fifty
,OK,before,,,few,big,afternoon,enough,around,,begin,would,,that,first
,please,behind,,,first,black,age,everybody,away,,believe,,,until,five
,sorry,below,,,half,blonde,air,everyone,back,,born,,,when,forty
,thanks,between,,,her,blue,airport,everything,behind,,break,,,where,four
,welcome,by,,,his,bored,animal,few,below,,bring,,,,fourteen
,well,down,,,its,boring,answer,half,down,,build,,,,fourth
,yeah,during,,,last,brown,apartment,he,downstairs,,buy,,,,hundred
,yes,for,,,little,busy,apple,her,each,,call,,,,million
,,from,,,lot,capital,April,him,early,,carry,,,,nine
,,in,,,many,cheap,area,I,east,,change,,,,nineteen
,,into,,,more,clean,arm,it,else,,check,,,,ninety
,,like,,,most,cold,art,little,enough,,choose,,,,one
,,near,,,much,common,article,lot,even,,clean,,,,second
,,next to,,,my,complete,artist,many,ever,,climb,,,,seven
,,of,,,no,cool,August,me,far,,close,,,,seventeen
,,off,,,one,correct,aunt,more,fast,,come,,,,seventy
,,on,,,our,dangerous,autumn,most,first,,compare,,,,six
,,opposite,,,second,dark,baby,much,hard,,complete,,,,sixteen
,,out,,,some,dear,back,no one,here,,cook,,,,sixty
,,over,,,that,delicious,bag,nobody,home,,correct,,,,ten
,,past,,,their,different,ball,nothing,how,,cost,,,,third
,,through,,,this,difficult,banana,one,however,,create,,,,thirteen
,,to,,,what,dirty,band,other,in,,cut,,,,thirty
,,under,,,which,early,bank,own,just,,dance,,,,thousand
,,until,,,your,east,bath,same,late,,decide,,,,three
,,up,,,,easy,bathroom,she,later,,describe,,,,twelve
,,with,,,,excited,beach,some,left,,design,,,,twenty
,,without,,,,exciting,bed,somebody,long,,die,,,,two
,,,,,,expensive,bedroom,someone,lot,,discuss,,,,
,,,,,,extra,beer,something,maybe,,do,,,,
,,,,,,false,beginning,that,more,,draw,,,,
,,,,,,family,bicycle,them,most,,dress,,,,
,,,,,,famous,bike,they,much,,drink,,,,
,,,,,,fantastic,bill,this,near,,drive,,,,
,,,,,,fast,bird,us,never,,eat,,,,
,,,,,,fat,birthday,we,next,,email,,,,
,,,,,,favourite,black,what,north,,end,,,,
,,,,,,few,blog,when,not,,enjoy,,,,
,,,,,,final,blue,which,now,,exercise,,,,
,,,,,,fine,boat,who,oâ€™clock,,explain,,,,
,,,,,,free,body,you,off,,fall,,,,
,,,,,,friendly,book,yourself,often,,feel,,,,
,,,,,,front,boot,,OK,,fill,,,,
,,,,,,full,bottle,,on,,find,,,,
,,,,,,funny,box,,once,,finish,,,,
,,,,,,good,boy,,online,,fly,,,,
,,,,,,great,boyfriend,,only,,follow,,,,
,,,,,,green,bread,,opposite,,forget,,,,
,,,,,,grey,break,,out,,form,,,,
,,,,,,happy,breakfast,,outside,,get,,,,
,,,,,,hard,brother,,over,,give,,,,
,,,,,,healthy,brown,,pretty,,go,,,,
,,,,,,high,building,,probably,,grow,,,,
,,,,,,hot,bus,,quickly,,guess,,,,
,,,,,,hungry,business,,quite,,happen,,,,
,,,,,,important,butter,,really,,hate,,,,
,,,,,,interested,cafe,,right,,have,,,,
,,,,,,interesting,cake,,same,,hear,,,,
,,,,,,key,call,,so,,help,,,,
,,,,,,large,camera,,sometimes,,hope,,,,
,,,,,,late,capital,,soon,,imagine,,,,
,,,,,,left,car,,south,,improve,,,,
,,,,,,light,card,,still,,include,,,,
,,,,,,little,career,,then,,interest,,,,
,,,,,,local,carrot,,there,,interview,,,,
,,,,,,long,cat,,through,,introduce,,,,
,,,,,,main,CD,,today,,join,,,,
,,,,,,married,cent,,together,,keep,,,,
,,,,,,modern,centre,,tomorrow,,know,,,,
,,,,,,natural,century,,tonight,,laugh,,,,
,,,,,,near,chair,,too,,learn,,,,
,,,,,,negative,change,,twice,,leave,,,,
,,,,,,new,chart,,under,,let,,,,
,,,,,,next,cheese,,up,,lie,,,,
,,,,,,nice,chicken,,upstairs,,like,,,,
,,,,,,north,child,,usually,,list,,,,
,,,,,,OK,chocolate,,very,,listen,,,,
,,,,,,old,cinema,,well,,live,,,,
,,,,,,online,city,,west,,look,,,,
,,,,,,only,class,,when,,lose,,,,
,,,,,,open,classroom,,where,,love,,,,
,,,,,,opposite,clock,,why,,make,,,,
,,,,,,orange,clothes,,yesterday,,match,,,,
,,,,,,other,club,,,,mean,,,,
,,,,,,own,coat,,,,meet,,,,
,,,,,,past,coffee,,,,miss,,,,
,,,,,,perfect,cold,,,,move,,,,
,,,,,,personal,college,,,,name,,,,
,,,,,,pink,colour,,,,need,,,,
,,,,,,poor,company,,,,open,,,,
,,,,,,popular,computer,,,,order,,,,
,,,,,,positive,concert,,,,paint,,,,
,,,,,,possible,conversation,,,,park,,,,
,,,,,,present,cooking,,,,pay,,,,
,,,,,,pretty,cost,,,,phone,,,,
,,,,,,purple,country,,,,plan,,,,
,,,,,,quick,course,,,,play,,,,
,,,,,,quiet,cousin,,,,post,,,,
,,,,,,ready,cow,,,,practise,,,,
,,,,,,real,cream,,,,prefer,,,,
,,,,,,red,culture,,,,prepare,,,,
,,,,,,rich,cup,,,,put,,,,
,,,,,,right,customer,,,,rain,,,,
,,,,,,sad,dad,,,,read,,,,
,,,,,,same,dance,,,,relax,,,,
,,,,,,short,dancer,,,,remember,,,,
,,,,,,sick,dancing,,,,repeat,,,,
,,,,,,similar,date,,,,return,,,,
,,,,,,slow,daughter,,,,ride,,,,
,,,,,,small,day,,,,run,,,,
,,,,,,sorry,December,,,,say,,,,
,,,,,,south,description,,,,see,,,,
,,,,,,special,design,,,,sell,,,,
,,,,,,strong,desk,,,,send,,,,
,,,,,,sure,detail,,,,share,,,,
,,,,,,tall,dialogue,,,,shop,,,,
,,,,,,terrible,dictionary,,,,show,,,,
,,,,,,thirsty,diet,,,,sing,,,,
,,,,,,tired,difference,,,,sit,,,,
,,,,,,true,dinner,,,,sleep,,,,
,,,,,,useful,dish,,,,snow,,,,
,,,,,,warm,doctor,,,,sound,,,,
,,,,,,welcome,dog,,,,speak,,,,
,,,,,,well,dollar,,,,spell,,,,
,,,,,,west,door,,,,spend,,,,
,,,,,,white,dress,,,,stand,,,,
,,,,,,wonderful,drink,,,,start,,,,
,,,,,,wrong,driver,,,,stay,,,,
,,,,,,yellow,DVD,,,,stop,,,,
,,,,,,young,ear,,,,study,,,,
,,,,,,,east,,,,swim,,,,
,,,,,,,egg,,,,take,,,,
,,,,,,,elephant,,,,talk,,,,
,,,,,,,email,,,,teach,,,,
,,,,,,,end,,,,telephone,,,,
,,,,,,,euro,,,,tell,,,,
,,,,,,,evening,,,,test,,,,
,,,,,,,event,,,,thank,,,,
,,,,,,,exam,,,,think,,,,
,,,,,,,example,,,,travel,,,,
,,,,,,,exercise,,,,try,,,,
,,,,,,,eye,,,,turn,,,,
,,,,,,,face,,,,understand,,,,
,,,,,,,fact,,,,use,,,,
,,,,,,,family,,,,visit,,,,
,,,,,,,farm,,,,wait,,,,
,,,,,,,farmer,,,,wake,,,,
,,,,,,,father,,,,walk,,,,
,,,,,,,favourite,,,,want,,,,
,,,,,,,February,,,,wash,,,,
,,,,,,,feeling,,,,watch,,,,
,,,,,,,festival,,,,wear,,,,
,,,,,,,film,,,,welcome,,,,
,,,,,,,fire,,,,win,,,,
,,,,,,,fish,,,,work,,,,
,,,,,,,flat,,,,write,,,,
,,,,,,,flight,,,,,,,,
,,,,,,,floor,,,,,,,,
,,,,,,,flower,,,,,,,,
,,,,,,,food,,,,,,,,
,,,,,,,foot,,,,,,,,
,,,,,,,football,,,,,,,,
,,,,,,,form,,,,,,,,
,,,,,,,Friday,,,,,,,,
,,,,,,,friend,,,,,,,,
,,,,,,,front,,,,,,,,
,,,,,,,fruit,,,,,,,,
,,,,,,,fun,,,,,,,,
,,,,,,,future,,,,,,,,
,,,,,,,game,,,,,,,,
,,,,,,,garden,,,,,,,,
,,,,,,,geography,,,,,,,,
,,,,,,,girl,,,,,,,,
,,,,,,,girlfriend,,,,,,,,
,,,,,,,glass,,,,,,,,
,,,,,,,goodbye,,,,,,,,
,,,,,,,grandfather,,,,,,,,
,,,,,,,grandmother,,,,,,,,
,,,,,,,grandparent,,,,,,,,
,,,,,,,green,,,,,,,,
,,,,,,,grey,,,,,,,,
,,,,,,,group,,,,,,,,
,,,,,,,guess,,,,,,,,
,,,,,,,guitar,,,,,,,,
,,,,,,,gym,,,,,,,,
,,,,,,,hair,,,,,,,,
,,,,,,,half,,,,,,,,
,,,,,,,hand,,,,,,,,
,,,,,,,hat,,,,,,,,
,,,,,,,head,,,,,,,,
,,,,,,,health,,,,,,,,
,,,,,,,hello,,,,,,,,
,,,,,,,help,,,,,,,,
,,,,,,,history,,,,,,,,
,,,,,,,hobby,,,,,,,,
,,,,,,,holiday,,,,,,,,
,,,,,,,home,,,,,,,,
,,,,,,,homework,,,,,,,,
,,,,,,,horse,,,,,,,,
,,,,,,,hospital,,,,,,,,
,,,,,,,hotel,,,,,,,,
,,,,,,,hour,,,,,,,,
,,,,,,,house,,,,,,,,
,,,,,,,husband,,,,,,,,
,,,,,,,ice,,,,,,,,
,,,,,,,ice cream,,,,,,,,
,,,,,,,idea,,,,,,,,
,,,,,,,information,,,,,,,,
,,,,,,,interest,,,,,,,,
,,,,,,,internet,,,,,,,,
,,,,,,,interview,,,,,,,,
,,,,,,,island,,,,,,,,
,,,,,,,jacket,,,,,,,,
,,,,,,,January,,,,,,,,
,,,,,,,jeans,,,,,,,,
,,,,,,,job,,,,,,,,
,,,,,,,journey,,,,,,,,
,,,,,,,juice,,,,,,,,
,,,,,,,July,,,,,,,,
,,,,,,,June,,,,,,,,
,,,,,,,key,,,,,,,,
,,,,,,,kilometre,,,,,,,,
,,,,,,,kind,,,,,,,,
,,,,,,,kitchen,,,,,,,,
,,,,,,,land,,,,,,,,
,,,,,,,language,,,,,,,,
,,,,,,,laugh,,,,,,,,
,,,,,,,left,,,,,,,,
,,,,,,,leg,,,,,,,,
,,,,,,,lesson,,,,,,,,
,,,,,,,letter,,,,,,,,
,,,,,,,library,,,,,,,,
,,,,,,,life,,,,,,,,
,,,,,,,light,,,,,,,,
,,,,,,,line,,,,,,,,
,,,,,,,lion,,,,,,,,
,,,,,,,list,,,,,,,,
,,,,,,,love,,,,,,,,
,,,,,,,lunch,,,,,,,,
,,,,,,,machine,,,,,,,,
,,,,,,,magazine,,,,,,,,
,,,,,,,man,,,,,,,,
,,,,,,,map,,,,,,,,
,,,,,,,March,,,,,,,,
,,,,,,,market,,,,,,,,
,,,,,,,match,,,,,,,,
,,,,,,,May,,,,,,,,
,,,,,,,meal,,,,,,,,
,,,,,,,meaning,,,,,,,,
,,,,,,,meat,,,,,,,,
,,,,,,,meeting,,,,,,,,
,,,,,,,member,,,,,,,,
,,,,,,,menu,,,,,,,,
,,,,,,,message,,,,,,,,
,,,,,,,metre,,,,,,,,
,,,,,,,midnight,,,,,,,,
,,,,,,,mile,,,,,,,,
,,,,,,,milk,,,,,,,,
,,,,,,,minute,,,,,,,,
,,,,,,,mistake,,,,,,,,
,,,,,,,model,,,,,,,,
,,,,,,,moment,,,,,,,,
,,,,,,,Monday,,,,,,,,
,,,,,,,money,,,,,,,,
,,,,,,,month,,,,,,,,
,,,,,,,morning,,,,,,,,
,,,,,,,mother,,,,,,,,
,,,,,,,mountain,,,,,,,,
,,,,,,,mouse,,,,,,,,
,,,,,,,mouth,,,,,,,,
,,,,,,,movie,,,,,,,,
,,,,,,,mum,,,,,,,,
,,,,,,,museum,,,,,,,,
,,,,,,,music,,,,,,,,
,,,,,,,name,,,,,,,,
,,,,,,,neighbour,,,,,,,,
,,,,,,,news,,,,,,,,
,,,,,,,newspaper,,,,,,,,
,,,,,,,night,,,,,,,,
,,,,,,,north,,,,,,,,
,,,,,,,nose,,,,,,,,
,,,,,,,note,,,,,,,,
,,,,,,,November,,,,,,,,
,,,,,,,number,,,,,,,,
,,,,,,,nurse,,,,,,,,
,,,,,,,object,,,,,,,,
,,,,,,,October,,,,,,,,
,,,,,,,office,,,,,,,,
,,,,,,,onion,,,,,,,,
,,,,,,,opinion,,,,,,,,
,,,,,,,opposite,,,,,,,,
,,,,,,,orange,,,,,,,,
,,,,,,,order,,,,,,,,
,,,,,,,page,,,,,,,,
,,,,,,,paint,,,,,,,,
,,,,,,,painting,,,,,,,,
,,,,,,,pair,,,,,,,,
,,,,,,,paper,,,,,,,,
,,,,,,,paragraph,,,,,,,,
,,,,,,,parent,,,,,,,,
,,,,,,,park,,,,,,,,
,,,,,,,part,,,,,,,,
,,,,,,,partner,,,,,,,,
,,,,,,,party,,,,,,,,
,,,,,,,passport,,,,,,,,
,,,,,,,past,,,,,,,,
,,,,,,,pen,,,,,,,,
,,,,,,,pencil,,,,,,,,
,,,,,,,people,,,,,,,,
,,,,,,,pepper,,,,,,,,
,,,,,,,period,,,,,,,,
,,,,,,,person,,,,,,,,
,,,,,,,phone,,,,,,,,
,,,,,,,photo,,,,,,,,
,,,,,,,photograph,,,,,,,,
,,,,,,,phrase,,,,,,,,
,,,,,,,piano,,,,,,,,
,,,,,,,picture,,,,,,,,
,,,,,,,piece,,,,,,,,
,,,,,,,pig,,,,,,,,
,,,,,,,pink,,,,,,,,
,,,,,,,place,,,,,,,,
,,,,,,,plan,,,,,,,,
,,,,,,,plane,,,,,,,,
,,,,,,,plant,,,,,,,,
,,,,,,,play,,,,,,,,
,,,,,,,player,,,,,,,,
,,,,,,,point,,,,,,,,
,,,,,,,police,,,,,,,,
,,,,,,,policeman,,,,,,,,
,,,,,,,pool,,,,,,,,
,,,,,,,post,,,,,,,,
,,,,,,,potato,,,,,,,,
,,,,,,,pound,,,,,,,,
,,,,,,,practice,,,,,,,,
,,,,,,,present,,,,,,,,
,,,,,,,price,,,,,,,,
,,,,,,,problem,,,,,,,,
,,,,,,,product,,,,,,,,
,,,,,,,programme,,,,,,,,
,,,,,,,project,,,,,,,,
,,,,,,,purple,,,,,,,,
,,,,,,,quarter,,,,,,,,
,,,,,,,question,,,,,,,,
,,,,,,,radio,,,,,,,,
,,,,,,,rain,,,,,,,,
,,,,,,,reader,,,,,,,,
,,,,,,,reading,,,,,,,,
,,,,,,,reason,,,,,,,,
,,,,,,,red,,,,,,,,
,,,,,,,report,,,,,,,,
,,,,,,,restaurant,,,,,,,,
,,,,,,,result,,,,,,,,
,,,,,,,return,,,,,,,,
,,,,,,,rice,,,,,,,,
,,,,,,,right,,,,,,,,
,,,,,,,river,,,,,,,,
,,,,,,,road,,,,,,,,
,,,,,,,room,,,,,,,,
,,,,,,,routine,,,,,,,,
,,,,,,,rule,,,,,,,,
,,,,,,,salad,,,,,,,,
,,,,,,,salt,,,,,,,,
,,,,,,,sandwich,,,,,,,,
,,,,,,,Saturday,,,,,,,,
,,,,,,,school,,,,,,,,
,,,,,,,science,,,,,,,,
,,,,,,,scientist,,,,,,,,
,,,,,,,sea,,,,,,,,
,,,,,,,second,,,,,,,,
,,,,,,,section,,,,,,,,
,,,,,,,sentence,,,,,,,,
,,,,,,,September,,,,,,,,
,,,,,,,sheep,,,,,,,,
,,,,,,,shirt,,,,,,,,
,,,,,,,shoe,,,,,,,,
,,,,,,,shop,,,,,,,,
,,,,,,,shopping,,,,,,,,
,,,,,,,show,,,,,,,,
,,,,,,,shower,,,,,,,,
,,,,,,,singer,,,,,,,,
,,,,,,,sister,,,,,,,,
,,,,,,,situation,,,,,,,,
,,,,,,,skill,,,,,,,,
,,,,,,,skirt,,,,,,,,
,,,,,,,snake,,,,,,,,
,,,,,,,snow,,,,,,,,
,,,,,,,son,,,,,,,,
,,,,,,,song,,,,,,,,
,,,,,,,sound,,,,,,,,
,,,,,,,soup,,,,,,,,
,,,,,,,south,,,,,,,,
,,,,,,,space,,,,,,,,
,,,,,,,spelling,,,,,,,,
,,,,,,,sport,,,,,,,,
,,,,,,,spring,,,,,,,,
,,,,,,,star,,,,,,,,
,,,,,,,statement,,,,,,,,
,,,,,,,station,,,,,,,,
,,,,,,,stop,,,,,,,,
,,,,,,,story,,,,,,,,
,,,,,,,street,,,,,,,,
,,,,,,,student,,,,,,,,
,,,,,,,study,,,,,,,,
,,,,,,,style,,,,,,,,
,,,,,,,subject,,,,,,,,
,,,,,,,success,,,,,,,,
,,,,,,,sugar,,,,,,,,
,,,,,,,summer,,,,,,,,
,,,,,,,sun,,,,,,,,
,,,,,,,Sunday,,,,,,,,
,,,,,,,supermarket,,,,,,,,
,,,,,,,sweater,,,,,,,,
,,,,,,,swimming,,,,,,,,
,,,,,,,table,,,,,,,,
,,,,,,,taxi,,,,,,,,
,,,,,,,tea,,,,,,,,
,,,,,,,teacher,,,,,,,,
,,,,,,,team,,,,,,,,
,,,,,,,teenager,,,,,,,,
,,,,,,,telephone,,,,,,,,
,,,,,,,television,,,,,,,,
,,,,,,,tennis,,,,,,,,
,,,,,,,test,,,,,,,,
,,,,,,,text,,,,,,,,
,,,,,,,thanks,,,,,,,,
,,,,,,,theatre,,,,,,,,
,,,,,,,thing,,,,,,,,
,,,,,,,Thursday,,,,,,,,
,,,,,,,ticket,,,,,,,,
,,,,,,,time,,,,,,,,
,,,,,,,title,,,,,,,,
,,,,,,,today,,,,,,,,
,,,,,,,toilet,,,,,,,,
,,,,,,,tomato,,,,,,,,
,,,,,,,tomorrow,,,,,,,,
,,,,,,,tonight,,,,,,,,
,,,,,,,tooth,,,,,,,,
,,,,,,,topic,,,,,,,,
,,,,,,,tourist,,,,,,,,
,,,,,,,town,,,,,,,,
,,,,,,,traffic,,,,,,,,
,,,,,,,train,,,,,,,,
,,,,,,,travel,,,,,,,,
,,,,,,,tree,,,,,,,,
,,,,,,,trip,,,,,,,,
,,,,,,,trousers,,,,,,,,
,,,,,,,T-shirt,,,,,,,,
,,,,,,,Tuesday,,,,,,,,
,,,,,,,turn,,,,,,,,
,,,,,,,TV,,,,,,,,
,,,,,,,type,,,,,,,,
,,,,,,,umbrella,,,,,,,,
,,,,,,,uncle,,,,,,,,
,,,,,,,university,,,,,,,,
,,,,,,,vacation,,,,,,,,
,,,,,,,vegetable,,,,,,,,
,,,,,,,video,,,,,,,,
,,,,,,,village,,,,,,,,
,,,,,,,visit,,,,,,,,
,,,,,,,visitor,,,,,,,,
,,,,,,,waiter,,,,,,,,
,,,,,,,walk,,,,,,,,
,,,,,,,wall,,,,,,,,
,,,,,,,watch,,,,,,,,
,,,,,,,water,,,,,,,,
,,,,,,,way,,,,,,,,
,,,,,,,weather,,,,,,,,
,,,,,,,website,,,,,,,,
,,,,,,,Wednesday,,,,,,,,
,,,,,,,week,,,,,,,,
,,,,,,,weekend,,,,,,,,
,,,,,,,west,,,,,,,,
,,,,,,,white,,,,,,,,
,,,,,,,wife,,,,,,,,
,,,,,,,window,,,,,,,,
,,,,,,,wine,,,,,,,,
,,,,,,,winter,,,,,,,,
,,,,,,,woman,,,,,,,,
,,,,,,,word,,,,,,,,
,,,,,,,work,,,,,,,,
,,,,,,,worker,,,,,,,,
,,,,,,,world,,,,,,,,
,,,,,,,writer,,,,,,,,
,,,,,,,writing,,,,,,,,
,,,,,,,year,,,,,,,,
,,,,,,,yellow,,,,,,,,
,,,,,,,yesterday,,,,,,,,
A2 (872)
,ah,according to,,,double,able,ability,anybody,abroad,,accept,may,have,after,billion
,all right,against,,,either,active,accident,anywhere,actually,,achieve,might,,although,zero
,attention,along,,,least,adult,advantage,double,after,,act,shall,,as,
,dear,among,,,less,alive,adventure,either,all,,advertise,used to,,before,
,wow,except,,,neither,all right,advertisement,hers,all right,,affect,,,since,
,,including,,,several,alone,advertising,herself,almost,,allow,,,while,
,,inside,,,such,ancient,airline,himself,alone,,appear,,,,
,,onto,,,whose,asleep,alternative,his,along,,apply,,,,
,,outside,,,,assistant,amount,itself,already,,argue,,,,
,,per,,,,attractive,ankle,least,any,,arrange,,,,
,,round,,,,available,app,less,any more,,attack,,,,
,,since,,,,average,appearance,mine,anyway,,attend,,,,
,,towards,,,,awful,architect,myself,anywhere,,avoid,,,,
,,,,,,back,architecture,neither,as,,beat,,,,
,,,,,,based,argument,none,badly,,behave,,,,
,,,,,,blank,army,ourselves,before,,belong,,,,
,,,,,,bottom,arrangement,several,best,,blow,,,,
,,,,,,bright,assistant,somewhere,better,,boil,,,,
,,,,,,brilliant,athlete,such,between,,book,,,,
,,,,,,broken,attack,themselves,carefully,,borrow,,,,
,,,,,,careful,attention,whose,certainly,,brush,,,,
,,,,,,certain,audience,yours,clearly,,burn,,,,
,,,,,,classical,author,,completely,,camp,,,,
,,,,,,clear,average,,correctly,,care,,,,
,,,,,,clever,award,,definitely,,catch,,,,
,,,,,,close,background,,differently,,cause,,,,
,,,,,,closed,bar,,easily,,celebrate,,,,
,,,,,,comfortable,baseball,,either,,chat,,,,
,,,,,,connected,basketball,,especially,,circle,,,,
,,,,,,crazy,bean,,everywhere,,collect,,,,
,,,,,,creative,bear,,exactly,,communicate,,,,
,,,,,,crowded,beef,,extremely,,compete,,,,
,,,,,,curly,behaviour,,finally,,complain,,,,
,,,,,,daily,belt,,firstly,,connect,,,,
,,,,,,dead,benefit,,fortunately,,consider,,,,
,,,,,,deep,best,,forward,,contain,,,,
,,,,,,digital,bin,,free,,continue,,,,
,,,,,,direct,biology,,half,,control,,,,
,,,,,,divorced,birth,,happily,,copy,,,,
,,,,,,double,biscuit,,high,,count,,,,
,,,,,,downstairs,bit,,immediately,,cover,,,,
,,,,,,dry,blank,,inside,,cross,,,,
,,,,,,electric,blood,,instead,,cry,,,,
,,,,,,electrical,board,,last,,cycle,,,,
,,,,,,electronic,bone,,least,,deal,,,,
,,,,,,empty,boss,,less,,depend,,,,
,,,,,,enormous,bottom,,little,,destroy,,,,
,,,,,,everyday,bowl,,loud,,develop,,,,
,,,,,,exact,brain,,loudly,,disagree,,,,
,,,,,,excellent,bridge,,low,,disappear,,,,
,,,,,,expert,brush,,mostly,,discover,,,,
,,,,,,extreme,businessman,,nearly,,double,,,,
,,,,,,fair,button,,normally,,download,,,,
,,,,,,female,camp,,nowhere,,dream,,,,
,,,,,,fit,camping,,past,,drop,,,,
,,,,,,flat,can,,per cent,,dry,,,,
,,,,,,flying,care,,perhaps,,earn,,,,
,,,,,,following,carpet,,quietly,,employ,,,,
,,,,,,foreign,cartoon,,rather,,enter,,,,
,,,,,,formal,case,,recently,,exist,,,,
,,,,,,fresh,cash,,round,,expect,,,,
,,,,,,fun,castle,,sadly,,express,,,,
,,,,,,further,cause,,second,,fail,,,,
,,,,,,future,celebrity,,secondly,,farm,,,,
,,,,,,general,chance,,slowly,,feed,,,,
,,,,,,gold,character,,somewhere,,fight,,,,
,,,,,,heavy,charity,,straight,,film,,,,
,,,,,,helpful,chat,,suddenly,,fish,,,,
,,,,,,home,check,,sure,,fit,,,,
,,,,,,huge,chef,,underground,,fix,,,,
,,,,,,human,chemistry,,unfortunately,,focus,,,,
,,,,,,hurt,chip,,yet,,greet,,,,
,,,,,,ideal,choice,,,,guide,,,,
,,,,,,ill,church,,,,heat,,,,
,,,,,,impossible,cigarette,,,,hide,,,,
,,,,,,included,circle,,,,hit,,,,
,,,,,,incredible,climate,,,,hold,,,,
,,,,,,independent,clothing,,,,hurt,,,,
,,,,,,individual,cloud,,,,identify,,,,
,,,,,,informal,coach,,,,increase,,,,
,,,,,,inside,coast,,,,invent,,,,
,,,,,,intelligent,code,,,,invite,,,,
,,,,,,international,colleague,,,,involve,,,,
,,,,,,later,column,,,,joke,,,,
,,,,,,lazy,comedy,,,,jump,,,,
,,,,,,light,comment,,,,kill,,,,
,,,,,,likely,community,,,,knock,,,,
,,,,,,lost,competition,,,,land,,,,
,,,,,,loud,condition,,,,last,,,,
,,,,,,lovely,conference,,,,lead,,,,
,,,,,,low,context,,,,lecture,,,,
,,,,,,lucky,continent,,,,lend,,,,
,,,,,,major,control,,,,lift,,,,
,,,,,,male,cook,,,,light,,,,
,,,,,,medical,cooker,,,,link,,,,
,,,,,,middle,copy,,,,lock,,,,
,,,,,,missing,corner,,,,mail,,,,
,,,,,,mobile,couple,,,,manage,,,,
,,,,,,musical,credit,,,,mark,,,,
,,,,,,narrow,crime,,,,marry,,,,
,,,,,,national,criminal,,,,matter,,,,
,,,,,,necessary,cross,,,,mention,,,,
,,,,,,nervous,crowd,,,,mind,,,,
,,,,,,noisy,cupboard,,,,notice,,,,
,,,,,,normal,cycle,,,,number,,,,
,,,,,,ordinary,danger,,,,offer,,,,
,,,,,,original,dark,,,,organize,,,,
,,,,,,outside,data,,,,own,,,,
,,,,,,particular,death,,,,pack,,,,
,,,,,,per cent,decision,,,,pass,,,,
,,,,,,physical,degree,,,,perform,,,,
,,,,,,plastic,dentist,,,,photograph,,,,
,,,,,,pleased,department,,,,pick,,,,
,,,,,,polite,desert,,,,plant,,,,
,,,,,,pop,designer,,,,please,,,,
,,,,,,professional,detective,,,,predict,,,,
,,,,,,public,device,,,,present,,,,
,,,,,,recent,diary,,,,prevent,,,,
,,,,,,regular,direction,,,,print,,,,
,,,,,,round,director,,,,produce,,,,
,,,,,,rude,disaster,,,,promise,,,,
,,,,,,safe,discovery,,,,pronounce,,,,
,,,,,,scared,discussion,,,,protect,,,,
,,,,,,scary,disease,,,,provide,,,,
,,,,,,secret,distance,,,,publish,,,,
,,,,,,separate,document,,,,pull,,,,
,,,,,,serious,download,,,,push,,,,
,,,,,,shut,drama,,,,question,,,,
,,,,,,silver,drawing,,,,race,,,,
,,,,,,simple,dream,,,,raise,,,,
,,,,,,single,drive,,,,reach,,,,
,,,,,,ski,driving,,,,react,,,,
,,,,,,social,drug,,,,realize,,,,
,,,,,,soft,earth,,,,receive,,,,
,,,,,,specific,education,,,,recognize,,,,
,,,,,,square,effect,,,,recommend,,,,
,,,,,,straight,electricity,,,,record,,,,
,,,,,,strange,employee,,,,recycle,,,,
,,,,,,stupid,employer,,,,reduce,,,,
,,,,,,successful,ending,,,,refer,,,,
,,,,,,surprised,energy,,,,refuse,,,,
,,,,,,surprising,engine,,,,remove,,,,
,,,,,,sweet,engineer,,,,repair,,,,
,,,,,,teenage,environment,,,,replace,,,,
,,,,,,thick,equipment,,,,reply,,,,
,,,,,,thin,error,,,,report,,,,
,,,,,,tidy,essay,,,,research,,,,
,,,,,,top,evidence,,,,respond,,,,
,,,,,,toy,experience,,,,rest,,,,
,,,,,,traditional,experiment,,,,review,,,,
,,,,,,twin,expert,,,,ring,,,,
,,,,,,typical,explanation,,,,rise,,,,
,,,,,,underground,expression,,,,sail,,,,
,,,,,,unhappy,factor,,,,save,,,,
,,,,,,united,factory,,,,score,,,,
,,,,,,unusual,fall,,,,search,,,,
,,,,,,upstairs,fan,,,,seem,,,,
,,,,,,usual,farming,,,,serve,,,,
,,,,,,weak,fashion,,,,shake,,,,
,,,,,,wet,fat,,,,shout,,,,
,,,,,,whole,fear,,,,shut,,,,
,,,,,,wide,feature,,,,sign,,,,
,,,,,,wild,female,,,,ski,,,,
,,,,,,wooden,fiction,,,,smell,,,,
,,,,,,working,field,,,,smile,,,,
,,,,,,worried,fight,,,,smoke,,,,
,,,,,,worse,figure,,,,solve,,,,
,,,,,,worst,final,,,,star,,,,
,,,,,,,finger,,,,steal,,,,
,,,,,,,finish,,,,stress,,,,
,,,,,,,first,,,,succeed,,,,
,,,,,,,fishing,,,,suggest,,,,
,,,,,,,flu,,,,support,,,,
,,,,,,,fly,,,,suppose,,,,
,,,,,,,flying,,,,surprise,,,,
,,,,,,,focus,,,,taste,,,,
,,,,,,,forest,,,,text,,,,
,,,,,,,fork,,,,throw,,,,
,,,,,,,fridge,,,,tidy,,,,
,,,,,,,frog,,,,tie,,,,
,,,,,,,furniture,,,,touch,,,,
,,,,,,,gallery,,,,train,,,,
,,,,,,,gap,,,,wish,,,,
,,,,,,,gas,,,,worry,,,,
,,,,,,,gate,,,,,,,,
,,,,,,,gift,,,,,,,,
,,,,,,,goal,,,,,,,,
,,,,,,,god,,,,,,,,
,,,,,,,gold,,,,,,,,
,,,,,,,golf,,,,,,,,
,,,,,,,good,,,,,,,,
,,,,,,,government,,,,,,,,
,,,,,,,grass,,,,,,,,
,,,,,,,ground,,,,,,,,
,,,,,,,guest,,,,,,,,
,,,,,,,guide,,,,,,,,
,,,,,,,gun,,,,,,,,
,,,,,,,guy,,,,,,,,
,,,,,,,habit,,,,,,,,
,,,,,,,hall,,,,,,,,
,,,,,,,headache,,,,,,,,
,,,,,,,heart,,,,,,,,
,,,,,,,heat,,,,,,,,
,,,,,,,height,,,,,,,,
,,,,,,,hero,,,,,,,,
,,,,,,,hill,,,,,,,,
,,,,,,,hit,,,,,,,,
,,,,,,,hockey,,,,,,,,
,,,,,,,hole,,,,,,,,
,,,,,,,hope,,,,,,,,
,,,,,,,human,,,,,,,,
,,,,,,,illness,,,,,,,,
,,,,,,,image,,,,,,,,
,,,,,,,increase,,,,,,,,
,,,,,,,individual,,,,,,,,
,,,,,,,industry,,,,,,,,
,,,,,,,injury,,,,,,,,
,,,,,,,insect,,,,,,,,
,,,,,,,inside,,,,,,,,
,,,,,,,instruction,,,,,,,,
,,,,,,,instructor,,,,,,,,
,,,,,,,instrument,,,,,,,,
,,,,,,,introduction,,,,,,,,
,,,,,,,invention,,,,,,,,
,,,,,,,invitation,,,,,,,,
,,,,,,,item,,,,,,,,
,,,,,,,jam,,,,,,,,
,,,,,,,jazz,,,,,,,,
,,,,,,,jewellery,,,,,,,,
,,,,,,,joke,,,,,,,,
,,,,,,,journalist,,,,,,,,
,,,,,,,jump,,,,,,,,
,,,,,,,kid,,,,,,,,
,,,,,,,king,,,,,,,,
,,,,,,,knee,,,,,,,,
,,,,,,,knife,,,,,,,,
,,,,,,,knowledge,,,,,,,,
,,,,,,,lab,,,,,,,,
,,,,,,,lady,,,,,,,,
,,,,,,,lake,,,,,,,,
,,,,,,,lamp,,,,,,,,
,,,,,,,laptop,,,,,,,,
,,,,,,,last,,,,,,,,
,,,,,,,laughter,,,,,,,,
,,,,,,,law,,,,,,,,
,,,,,,,lawyer,,,,,,,,
,,,,,,,leader,,,,,,,,
,,,,,,,learning,,,,,,,,
,,,,,,,lecture,,,,,,,,
,,,,,,,lemon,,,,,,,,
,,,,,,,level,,,,,,,,
,,,,,,,lifestyle,,,,,,,,
,,,,,,,lift,,,,,,,,
,,,,,,,link,,,,,,,,
,,,,,,,listener,,,,,,,,
,,,,,,,lock,,,,,,,,
,,,,,,,look,,,,,,,,
,,,,,,,lorry,,,,,,,,
,,,,,,,luck,,,,,,,,
,,,,,,,mail,,,,,,,,
,,,,,,,male,,,,,,,,
,,,,,,,manager,,,,,,,,
,,,,,,,manner,,,,,,,,
,,,,,,,mark,,,,,,,,
,,,,,,,material,,,,,,,,
,,,,,,,mathematics,,,,,,,,
,,,,,,,maths,,,,,,,,
,,,,,,,matter,,,,,,,,
,,,,,,,media,,,,,,,,
,,,,,,,medicine,,,,,,,,
,,,,,,,memory,,,,,,,,
,,,,,,,metal,,,,,,,,
,,,,,,,method,,,,,,,,
,,,,,,,middle,,,,,,,,
,,,,,,,mind,,,,,,,,
,,,,,,,mirror,,,,,,,,
,,,,,,,mobile,,,,,,,,
,,,,,,,monkey,,,,,,,,
,,,,,,,moon,,,,,,,,
,,,,,,,motorcycle,,,,,,,,
,,,,,,,movement,,,,,,,,
,,,,,,,musician,,,,,,,,
,,,,,,,nature,,,,,,,,
,,,,,,,neck,,,,,,,,
,,,,,,,need,,,,,,,,
,,,,,,,network,,,,,,,,
,,,,,,,noise,,,,,,,,
,,,,,,,notice,,,,,,,,
,,,,,,,novel,,,,,,,,
,,,,,,,nut,,,,,,,,
,,,,,,,ocean,,,,,,,,
,,,,,,,offer,,,,,,,,
,,,,,,,officer,,,,,,,,
,,,,,,,oil,,,,,,,,
,,,,,,,opportunity,,,,,,,,
,,,,,,,option,,,,,,,,
,,,,,,,organization,,,,,,,,
,,,,,,,outside,,,,,,,,
,,,,,,,oven,,,,,,,,
,,,,,,,owner,,,,,,,,
,,,,,,,pain,,,,,,,,
,,,,,,,painter,,,,,,,,
,,,,,,,palace,,,,,,,,
,,,,,,,pants,,,,,,,,
,,,,,,,parking,,,,,,,,
,,,,,,,passenger,,,,,,,,
,,,,,,,patient,,,,,,,,
,,,,,,,pattern,,,,,,,,
,,,,,,,pay,,,,,,,,
,,,,,,,peace,,,,,,,,
,,,,,,,penny,,,,,,,,
,,,,,,,per cent,,,,,,,,
,,,,,,,permission,,,,,,,,
,,,,,,,personality,,,,,,,,
,,,,,,,pet,,,,,,,,
,,,,,,,petrol,,,,,,,,
,,,,,,,physics,,,,,,,,
,,,,,,,pilot,,,,,,,,
,,,,,,,planet,,,,,,,,
,,,,,,,plastic,,,,,,,,
,,,,,,,plate,,,,,,,,
,,,,,,,platform,,,,,,,,
,,,,,,,pocket,,,,,,,,
,,,,,,,pollution,,,,,,,,
,,,,,,,pop,,,,,,,,
,,,,,,,population,,,,,,,,
,,,,,,,position,,,,,,,,
,,,,,,,possession,,,,,,,,
,,,,,,,possibility,,,,,,,,
,,,,,,,poster,,,,,,,,
,,,,,,,power,,,,,,,,
,,,,,,,president,,,,,,,,
,,,,,,,printer,,,,,,,,
,,,,,,,prison,,,,,,,,
,,,,,,,prize,,,,,,,,
,,,,,,,process,,,,,,,,
,,,,,,,professor,,,,,,,,
,,,,,,,profile,,,,,,,,
,,,,,,,program,,,,,,,,
,,,,,,,progress,,,,,,,,
,,,,,,,promise,,,,,,,,
,,,,,,,pub,,,,,,,,
,,,,,,,public,,,,,,,,
,,,,,,,purpose,,,,,,,,
,,,,,,,quality,,,,,,,,
,,,,,,,quantity,,,,,,,,
,,,,,,,queen,,,,,,,,
,,,,,,,race,,,,,,,,
,,,,,,,railway,,,,,,,,
,,,,,,,rate,,,,,,,,
,,,,,,,reception,,,,,,,,
,,,,,,,recipe,,,,,,,,
,,,,,,,record,,,,,,,,
,,,,,,,recording,,,,,,,,
,,,,,,,region,,,,,,,,
,,,,,,,relationship,,,,,,,,
,,,,,,,reply,,,,,,,,
,,,,,,,reporter,,,,,,,,
,,,,,,,request,,,,,,,,
,,,,,,,research,,,,,,,,
,,,,,,,researcher,,,,,,,,
,,,,,,,response,,,,,,,,
,,,,,,,rest,,,,,,,,
,,,,,,,rest,,,,,,,,
,,,,,,,review,,,,,,,,
,,,,,,,ride,,,,,,,,
,,,,,,,ring,,,,,,,,
,,,,,,,rock,,,,,,,,
,,,,,,,rock,,,,,,,,
,,,,,,,role,,,,,,,,
,,,,,,,roof,,,,,,,,
,,,,,,,route,,,,,,,,
,,,,,,,rubbish,,,,,,,,
,,,,,,,run,,,,,,,,
,,,,,,,runner,,,,,,,,
,,,,,,,running,,,,,,,,
,,,,,,,sailing,,,,,,,,
,,,,,,,salary,,,,,,,,
,,,,,,,sale,,,,,,,,
,,,,,,,sauce,,,,,,,,
,,,,,,,scene,,,,,,,,
,,,,,,,schedule,,,,,,,,
,,,,,,,score,,,,,,,,
,,,,,,,screen,,,,,,,,
,,,,,,,search,,,,,,,,
,,,,,,,season,,,,,,,,
,,,,,,,seat,,,,,,,,
,,,,,,,secret,,,,,,,,
,,,,,,,secretary,,,,,,,,
,,,,,,,sense,,,,,,,,
,,,,,,,series,,,,,,,,
,,,,,,,service,,,,,,,,
,,,,,,,shape,,,,,,,,
,,,,,,,sheet,,,,,,,,
,,,,,,,ship,,,,,,,,
,,,,,,,shoulder,,,,,,,,
,,,,,,,shout,,,,,,,,
,,,,,,,side,,,,,,,,
,,,,,,,sign,,,,,,,,
,,,,,,,silver,,,,,,,,
,,,,,,,singing,,,,,,,,
,,,,,,,single,,,,,,,,
,,,,,,,sir,,,,,,,,
,,,,,,,site,,,,,,,,
,,,,,,,size,,,,,,,,
,,,,,,,ski,,,,,,,,
,,,,,,,skiing,,,,,,,,
,,,,,,,skin,,,,,,,,
,,,,,,,sky,,,,,,,,
,,,,,,,sleep,,,,,,,,
,,,,,,,smartphone,,,,,,,,
,,,,,,,smell,,,,,,,,
,,,,,,,smile,,,,,,,,
,,,,,,,smoke,,,,,,,,
,,,,,,,smoking,,,,,,,,
,,,,,,,soap,,,,,,,,
,,,,,,,soccer,,,,,,,,
,,,,,,,society,,,,,,,,
,,,,,,,sock,,,,,,,,
,,,,,,,soldier,,,,,,,,
,,,,,,,solution,,,,,,,,
,,,,,,,sort,,,,,,,,
,,,,,,,source,,,,,,,,
,,,,,,,speaker,,,,,,,,
,,,,,,,speech,,,,,,,,
,,,,,,,speed,,,,,,,,
,,,,,,,spider,,,,,,,,
,,,,,,,spoon,,,,,,,,
,,,,,,,square,,,,,,,,
,,,,,,,stage,,,,,,,,
,,,,,,,stair,,,,,,,,
,,,,,,,stamp,,,,,,,,
,,,,,,,start,,,,,,,,
,,,,,,,state,,,,,,,,
,,,,,,,stay,,,,,,,,
,,,,,,,step,,,,,,,,
,,,,,,,stomach,,,,,,,,
,,,,,,,stone,,,,,,,,
,,,,,,,store,,,,,,,,
,,,,,,,storm,,,,,,,,
,,,,,,,strategy,,,,,,,,
,,,,,,,stress,,,,,,,,
,,,,,,,structure,,,,,,,,
,,,,,,,suggestion,,,,,,,,
,,,,,,,suit,,,,,,,,
,,,,,,,support,,,,,,,,
,,,,,,,surprise,,,,,,,,
,,,,,,,survey,,,,,,,,
,,,,,,,sweet,,,,,,,,
,,,,,,,symbol,,,,,,,,
,,,,,,,system,,,,,,,,
,,,,,,,tablet,,,,,,,,
,,,,,,,talk,,,,,,,,
,,,,,,,target,,,,,,,,
,,,,,,,task,,,,,,,,
,,,,,,,taste,,,,,,,,
,,,,,,,teaching,,,,,,,,
,,,,,,,technology,,,,,,,,
,,,,,,,temperature,,,,,,,,
,,,,,,,term,,,,,,,,
,,,,,,,thief,,,,,,,,
,,,,,,,thinking,,,,,,,,
,,,,,,,third,,,,,,,,
,,,,,,,thought,,,,,,,,
,,,,,,,tie,,,,,,,,
,,,,,,,tip,,,,,,,,
,,,,,,,tool,,,,,,,,
,,,,,,,top,,,,,,,,
,,,,,,,tour,,,,,,,,
,,,,,,,tourism,,,,,,,,
,,,,,,,towel,,,,,,,,
,,,,,,,tower,,,,,,,,
,,,,,,,toy,,,,,,,,
,,,,,,,track,,,,,,,,
,,,,,,,tradition,,,,,,,,
,,,,,,,trainer,,,,,,,,
,,,,,,,training,,,,,,,,
,,,,,,,transport,,,,,,,,
,,,,,,,traveller,,,,,,,,
,,,,,,,trouble,,,,,,,,
,,,,,,,truck,,,,,,,,
,,,,,,,twin,,,,,,,,
,,,,,,,understanding,,,,,,,,
,,,,,,,uniform,,,,,,,,
,,,,,,,unit,,,,,,,,
,,,,,,,use,,,,,,,,
,,,,,,,user,,,,,,,,
,,,,,,,valley,,,,,,,,
,,,,,,,van,,,,,,,,
,,,,,,,variety,,,,,,,,
,,,,,,,vehicle,,,,,,,,
,,,,,,,view,,,,,,,,
,,,,,,,virus,,,,,,,,
,,,,,,,voice,,,,,,,,
,,,,,,,wait,,,,,,,,
,,,,,,,war,,,,,,,,
,,,,,,,wash,,,,,,,,
,,,,,,,washing,,,,,,,,
,,,,,,,wave,,,,,,,,
,,,,,,,web,,,,,,,,
,,,,,,,wedding,,,,,,,,
,,,,,,,weight,,,,,,,,
,,,,,,,welcome,,,,,,,,
,,,,,,,wheel,,,,,,,,
,,,,,,,wind,,,,,,,,
,,,,,,,winner,,,,,,,,
,,,,,,,wish,,,,,,,,
,,,,,,,wood,,,,,,,,
B1 (809)
,,despite,,,whatever,academic,access,ours,absolutely,,access,need,,except,
,,plus,,,,advanced,accommodation,plenty,ahead,,admire,ought,,nor,
,,throughout,,,,aged,account,theirs,apart,,admit,,,now,
,,till,,,,alcoholic,achievement,whatever,approximately,,advise,,,once,
,,unlike,,,,alternative,act,,backwards,,afford,,,though,
,,upon,,,,amazed,ad,,by,,age,,,till,
,,within,,,,ambitious,addition,,cheap,,aim,,,unless,
,,,,,,annoyed,agent,,close,,analyse,,,whenever,
,,,,,,annoying,agreement,,currently,,announce,,,whether,
,,,,,,aware,aim,,daily,,annoy,,,,
,,,,,,basic,alarm,,deep,,apologize,,,,
,,,,,,brave,album,,direct,,appreciate,,,,
,,,,,,calm,alcohol,,directly,,arrest,,,,
,,,,,,careless,ambition,,double,,assist,,,,
,,,,,,central,analysis,,effectively,,attach,,,,
,,,,,,cheerful,announcement,,equally,,attract,,,,
,,,,,,chemical,application,,eventually,,average,,,,
,,,,,,coloured,appointment,,extra,,award,,,,
,,,,,,commercial,arrest,,fairly,,bake,,,,
,,,,,,competitive,arrival,,forever,,balance,,,,
,,,,,,complex,assignment,,frequently,,ban,,,,
,,,,,,confident,atmosphere,,further,,base,,,,
,,,,,,confused,attitude,,generally,,bend,,,,
,,,,,,continuous,attraction,,hardly,,benefit,,,,
,,,,,,convenient,authority,,heavily,,bite,,,,
,,,,,,covered,balance,,highly,,block,,,,
,,,,,,cream,ban,,incredibly,,board,,,,
,,,,,,criminal,bank,,indeed,,bomb,,,,
,,,,,,cruel,base,,indoors,,bother,,,,
,,,,,,cultural,basis,,live,,brand,,,,
,,,,,,current,battery,,mainly,,breathe,,,,
,,,,,,definite,battle,,meanwhile,,bury,,,,
,,,,,,determined,beauty,,naturally,,calm,,,,
,,,,,,disappointed,bee,,necessarily,,campaign,,,,
,,,,,,disappointing,belief,,neither,,centre,,,,
,,,,,,dressed,bell,,nor,,charge,,,,
,,,,,,drunk,bend,,obviously,,cheat,,,,
,,,,,,due,better,,originally,,claim,,,,
,,,,,,eastern,bite,,outdoors,,clear,,,,
,,,,,,economic,block,,particularly,,click,,,,
,,,,,,educated,bomb,,perfectly,,coach,,,,
,,,,,,educational,border,,personally,,combine,,,,
,,,,,,effective,branch,,possibly,,comment,,,,
,,,,,,embarrassed,brand,,previously,,commit,,,,
,,,,,,embarrassing,breath,,properly,,concentrate,,,,
,,,,,,engaged,breathing,,rarely,,conclude,,,,
,,,,,,environmental,bride,,regularly,,confirm,,,,
,,,,,,equal,bubble,,seriously,,confuse,,,,
,,,,,,essential,calm,,similarly,,consist,,,,
,,,,,,expected,campaign,,simply,,consume,,,,
,,,,,,experienced,campus,,since,,contact,,,,
,,,,,,familiar,candidate,,slightly,,contrast,,,,
,,,,,,fancy,cap,,specifically,,convince,,,,
,,,,,,far,captain,,strongly,,cool,,,,
,,,,,,fascinating,category,,successfully,,damage,,,,
,,,,,,fashionable,ceiling,,surely,,decorate,,,,
,,,,,,financial,celebration,,that,,define,,,,
,,,,,,fixed,ceremony,,therefore,,deliver,,,,
,,,,,,folk,chain,,this,,determine,,,,
,,,,,,frightened,challenge,,though,,direct,,,,
,,,,,,frightening,champion,,throughout,,dislike,,,,
,,,,,,frozen,channel,,totally,,divide,,,,
,,,,,,generous,chapter,,typically,,donate,,,,
,,,,,,gentle,charge,,worldwide,,doubt,,,,
,,,,,,giant,cheat,,worse,,educate,,,,
,,,,,,glad,chemical,,worst,,empty,,,,
,,,,,,global,chest,,wrong,,encourage,,,,
,,,,,,grateful,childhood,,,,entertain,,,,
,,,,,,guilty,claim,,,,equal,,,,
,,,,,,historic,clause,,,,escape,,,,
,,,,,,historical,click,,,,examine,,,,
,,,,,,honest,client,,,,exchange,,,,
,,,,,,horrible,climb,,,,expand,,,,
,,,,,,illegal,cloth,,,,experience,,,,
,,,,,,imaginary,clue,,,,experiment,,,,
,,,,,,immediate,coal,,,,explode,,,,
,,,,,,impressive,coin,,,,explore,,,,
,,,,,,indirect,collection,,,,export,,,,
,,,,,,indoor,commercial,,,,face,,,,
,,,,,,injured,communication,,,,fancy,,,,
,,,,,,innocent,comparison,,,,fasten,,,,
,,,,,,involved,competitor,,,,fear,,,,
,,,,,,keen,complaint,,,,feature,,,,
,,,,,,kind,conclusion,,,,fire,,,,
,,,,,,latest,connection,,,,flood,,,,
,,,,,,leading,consequence,,,,flow,,,,
,,,,,,legal,consumer,,,,fold,,,,
,,,,,,level,contact,,,,force,,,,
,,,,,,liquid,container,,,,frame,,,,
,,,,,,live,content,,,,freeze,,,,
,,,,,,living,contrast,,,,frighten,,,,
,,,,,,located,costume,,,,fry,,,,
,,,,,,lonely,cottage,,,,gather,,,,
,,,,,,mad,cotton,,,,graduate,,,,
,,,,,,magic,count,,,,guard,,,,
,,,,,,medium,countryside,,,,hand,,,,
,,,,,,mental,court,,,,hang,,,,
,,,,,,mild,cover,,,,head,,,,
,,,,,,narrative,currency,,,,highlight,,,,
,,,,,,native,curtain,,,,hire,,,,
,,,,,,northern,custom,,,,hunt,,,,
,,,,,,nuclear,cut,,,,hurry,,,,
,,,,,,obvious,damage,,,,ignore,,,,
,,,,,,odd,deal,,,,impact,,,,
,,,,,,official,decade,,,,import,,,,
,,,,,,old-fashioned,definition,,,,indicate,,,,
,,,,,,organized,departure,,,,influence,,,,
,,,,,,outdoor,destination,,,,injure,,,,
,,,,,,painful,development,,,,intend,,,,
,,,,,,pale,diagram,,,,invest,,,,
,,,,,,peaceful,diamond,,,,investigate,,,,
,,,,,,pleasant,difficulty,,,,iron,,,,
,,,,,,poisonous,dirt,,,,judge,,,,
,,,,,,political,disadvantage,,,,key,,,,
,,,,,,powerful,discount,,,,kick,,,,
,,,,,,practical,dislike,,,,kiss,,,,
,,,,,,prepared,documentary,,,,label,,,,
,,,,,,previous,doubt,,,,lack,,,,
,,,,,,primary,drop,,,,lay,,,,
,,,,,,private,drum,,,,lie,,,,
,,,,,,proper,dust,,,,limit,,,,
,,,,,,proud,duty,,,,locate,,,,
,,,,,,qualified,earthquake,,,,market,,,,
,,,,,,rare,economy,,,,measure,,,,
,,,,,,related,edge,,,,mix,,,,
,,,,,,relative,editor,,,,murder,,,,
,,,,,,relaxed,effort,,,,note,,,,
,,,,,,relaxing,election,,,,occur,,,,
,,,,,,reliable,element,,,,participate,,,,
,,,,,,religious,emergency,,,,persuade,,,,
,,,,,,remote,emotion,,,,pin,,,,
,,,,,,repeated,employment,,,,place,,,,
,,,,,,responsible,enemy,,,,point,,,,
,,,,,,retired,engineering,,,,poison,,,,
,,,,,,romantic,entertainment,,,,pour,,,,
,,,,,,rough,entrance,,,,pray,,,,
,,,,,,royal,entry,,,,press,,,,
,,,,,,scientific,episode,,,,pretend,,,,
,,,,,,secondary,escape,,,,program,,,,
,,,,,,sensible,exchange,,,,promote,,,,
,,,,,,sexual,excitement,,,,protest,,,,
,,,,,,sharp,exhibition,,,,prove,,,,
,,,,,,shiny,expedition,,,,punish,,,,
,,,,,,shy,explosion,,,,qualify,,,,
,,,,,,silent,export,,,,queue,,,,
,,,,,,silly,extra,,,,quit,,,,
,,,,,,smart,favour,,,,quote,,,,
,,,,,,smooth,fence,,,,reflect,,,,
,,,,,,solid,fighting,,,,reject,,,,
,,,,,,southern,file,,,,relate,,,,
,,,,,,spicy,fitness,,,,release,,,,
,,,,,,spoken,flag,,,,remain,,,,
,,,,,,standard,flood,,,,remind,,,,
,,,,,,state,flour,,,,rent,,,,
,,,,,,still,flow,,,,represent,,,,
,,,,,,sudden,folk,,,,request,,,,
,,,,,,suitable,following,,,,require,,,,
,,,,,,talented,force,,,,respect,,,,
,,,,,,technical,frame,,,,result,,,,
,,,,,,tight,friendship,,,,retire,,,,
,,,,,,tiny,fuel,,,,revise,,,,
,,,,,,total,function,,,,risk,,,,
,,,,,,ugly,fur,,,,roll,,,,
,,,,,,unable,garage,,,,rule,,,,
,,,,,,uncomfortable,generation,,,,scan,,,,
,,,,,,unemployed,gentleman,,,,separate,,,,
,,,,,,unfair,ghost,,,,set,,,,
,,,,,,unlikely,giant,,,,shine,,,,
,,,,,,unnecessary,glove,,,,shoot,,,,
,,,,,,unpleasant,go,,,,signal,,,,
,,,,,,upset,goods,,,,sink,,,,
,,,,,,used,grade,,,,slice,,,,
,,,,,,used,graduate,,,,slow,,,,
,,,,,,valuable,grain,,,,sort,,,,
,,,,,,various,growth,,,,spread,,,,
,,,,,,violent,guard,,,,spring,,,,
,,,,,,waste,happiness,,,,state,,,,
,,,,,,western,hate,,,,stick,,,,
,,,,,,worldwide,headline,,,,store,,,,
,,,,,,worth,heating,,,,suffer,,,,
,,,,,,written,helicopter,,,,suit,,,,
,,,,,,,highlight,,,,summarize,,,,
,,,,,,,horror,,,,supply,,,,
,,,,,,,host,,,,survive,,,,
,,,,,,,hurricane,,,,switch,,,,
,,,,,,,hurry,,,,tax,,,,
,,,,,,,identity,,,,tend,,,,
,,,,,,,immigrant,,,,tip,,,,
,,,,,,,impact,,,,tour,,,,
,,,,,,,import,,,,trade,,,,
,,,,,,,importance,,,,translate,,,,
,,,,,,,impression,,,,transport,,,,
,,,,,,,improvement,,,,treat,,,,
,,,,,,,influence,,,,trick,,,,
,,,,,,,ingredient,,,,type,,,,
,,,,,,,intelligence,,,,update,,,,
,,,,,,,intention,,,,upset,,,,
,,,,,,,iron,,,,view,,,,
,,,,,,,issue,,,,volunteer,,,,
,,,,,,,IT,,,,vote,,,,
,,,,,,,journal,,,,warm,,,,
,,,,,,,judge,,,,warn,,,,
,,,,,,,keyboard,,,,waste,,,,
,,,,,,,kick,,,,water,,,,
,,,,,,,killing,,,,wave,,,,
,,,,,,,kiss,,,,weigh,,,,
,,,,,,,knock,,,,wonder,,,,
,,,,,,,label,,,,,,,,
,,,,,,,laboratory,,,,,,,,
,,,,,,,lack,,,,,,,,
,,,,,,,layer,,,,,,,,
,,,,,,,lead,,,,,,,,
,,,,,,,leaf,,,,,,,,
,,,,,,,leather,,,,,,,,
,,,,,,,leisure,,,,,,,,
,,,,,,,length,,,,,,,,
,,,,,,,lie,,,,,,,,
,,,,,,,like,,,,,,,,
,,,,,,,limit,,,,,,,,
,,,,,,,lip,,,,,,,,
,,,,,,,liquid,,,,,,,,
,,,,,,,literature,,,,,,,,
,,,,,,,living,,,,,,,,
,,,,,,,local,,,,,,,,
,,,,,,,location,,,,,,,,
,,,,,,,loss,,,,,,,,
,,,,,,,luxury,,,,,,,,
,,,,,,,magic,,,,,,,,
,,,,,,,mall,,,,,,,,
,,,,,,,management,,,,,,,,
,,,,,,,marketing,,,,,,,,
,,,,,,,marriage,,,,,,,,
,,,,,,,measure,,,,,,,,
,,,,,,,mention,,,,,,,,
,,,,,,,mess,,,,,,,,
,,,,,,,mine,,,,,,,,
,,,,,,,mix,,,,,,,,
,,,,,,,mixture,,,,,,,,
,,,,,,,mood,,,,,,,,
,,,,,,,move,,,,,,,,
,,,,,,,mud,,,,,,,,
,,,,,,,murder,,,,,,,,
,,,,,,,muscle,,,,,,,,
,,,,,,,musical,,,,,,,,
,,,,,,,mystery,,,,,,,,
,,,,,,,nail,,,,,,,,
,,,,,,,narrative,,,,,,,,
,,,,,,,nation,,,,,,,,
,,,,,,,native,,,,,,,,
,,,,,,,needle,,,,,,,,
,,,,,,,neighbourhood,,,,,,,,
,,,,,,,net,,,,,,,,
,,,,,,,next,,,,,,,,
,,,,,,,normal,,,,,,,,
,,,,,,,occasion,,,,,,,,
,,,,,,,operation,,,,,,,,
,,,,,,,organizer,,,,,,,,
,,,,,,,original,,,,,,,,
,,,,,,,pack,,,,,,,,
,,,,,,,package,,,,,,,,
,,,,,,,pan,,,,,,,,
,,,,,,,pass,,,,,,,,
,,,,,,,passion,,,,,,,,
,,,,,,,path,,,,,,,,
,,,,,,,payment,,,,,,,,
,,,,,,,percentage,,,,,,,,
,,,,,,,performance,,,,,,,,
,,,,,,,photographer,,,,,,,,
,,,,,,,photography,,,,,,,,
,,,,,,,pin,,,,,,,,
,,,,,,,pipe,,,,,,,,
,,,,,,,planning,,,,,,,,
,,,,,,,pleasure,,,,,,,,
,,,,,,,plot,,,,,,,,
,,,,,,,poem,,,,,,,,
,,,,,,,poet,,,,,,,,
,,,,,,,poetry,,,,,,,,
,,,,,,,poison,,,,,,,,
,,,,,,,policy,,,,,,,,
,,,,,,,politician,,,,,,,,
,,,,,,,politics,,,,,,,,
,,,,,,,port,,,,,,,,
,,,,,,,portrait,,,,,,,,
,,,,,,,pot,,,,,,,,
,,,,,,,poverty,,,,,,,,
,,,,,,,powder,,,,,,,,
,,,,,,,prayer,,,,,,,,
,,,,,,,prediction,,,,,,,,
,,,,,,,presentation,,,,,,,,
,,,,,,,press,,,,,,,,
,,,,,,,pressure,,,,,,,,
,,,,,,,priest,,,,,,,,
,,,,,,,prince,,,,,,,,
,,,,,,,princess,,,,,,,,
,,,,,,,printing,,,,,,,,
,,,,,,,prisoner,,,,,,,,
,,,,,,,producer,,,,,,,,
,,,,,,,production,,,,,,,,
,,,,,,,profession,,,,,,,,
,,,,,,,profit,,,,,,,,
,,,,,,,property,,,,,,,,
,,,,,,,protest,,,,,,,,
,,,,,,,pull,,,,,,,,
,,,,,,,punishment,,,,,,,,
,,,,,,,push,,,,,,,,
,,,,,,,qualification,,,,,,,,
,,,,,,,queue,,,,,,,,
,,,,,,,quotation,,,,,,,,
,,,,,,,quote,,,,,,,,
,,,,,,,race,,,,,,,,
,,,,,,,racing,,,,,,,,
,,,,,,,range,,,,,,,,
,,,,,,,reaction,,,,,,,,
,,,,,,,reality,,,,,,,,
,,,,,,,receipt,,,,,,,,
,,,,,,,recommendation,,,,,,,,
,,,,,,,reference,,,,,,,,
,,,,,,,relation,,,,,,,,
,,,,,,,relative,,,,,,,,
,,,,,,,release,,,,,,,,
,,,,,,,religion,,,,,,,,
,,,,,,,rent,,,,,,,,
,,,,,,,repair,,,,,,,,
,,,,,,,repeat,,,,,,,,
,,,,,,,reservation,,,,,,,,
,,,,,,,resource,,,,,,,,
,,,,,,,respect,,,,,,,,
,,,,,,,responsibility,,,,,,,,
,,,,,,,ring,,,,,,,,
,,,,,,,rise,,,,,,,,
,,,,,,,risk,,,,,,,,
,,,,,,,robot,,,,,,,,
,,,,,,,roll,,,,,,,,
,,,,,,,rope,,,,,,,,
,,,,,,,row,,,,,,,,
,,,,,,,rugby,,,,,,,,
,,,,,,,safety,,,,,,,,
,,,,,,,sail,,,,,,,,
,,,,,,,sailor,,,,,,,,
,,,,,,,sample,,,,,,,,
,,,,,,,sand,,,,,,,,
,,,,,,,script,,,,,,,,
,,,,,,,sculpture,,,,,,,,
,,,,,,,security,,,,,,,,
,,,,,,,seed,,,,,,,,
,,,,,,,servant,,,,,,,,
,,,,,,,set,,,,,,,,
,,,,,,,setting,,,,,,,,
,,,,,,,sex,,,,,,,,
,,,,,,,shake,,,,,,,,
,,,,,,,share,,,,,,,,
,,,,,,,shelf,,,,,,,,
,,,,,,,shell,,,,,,,,
,,,,,,,shift,,,,,,,,
,,,,,,,sight,,,,,,,,
,,,,,,,signal,,,,,,,,
,,,,,,,similarity,,,,,,,,
,,,,,,,slice,,,,,,,,
,,,,,,,software,,,,,,,,
,,,,,,,soil,,,,,,,,
,,,,,,,solid,,,,,,,,
,,,,,,,spending,,,,,,,,
,,,,,,,spirit,,,,,,,,
,,,,,,,spot,,,,,,,,
,,,,,,,stadium,,,,,,,,
,,,,,,,staff,,,,,,,,
,,,,,,,standard,,,,,,,,
,,,,,,,statistic,,,,,,,,
,,,,,,,statue,,,,,,,,
,,,,,,,stick,,,,,,,,
,,,,,,,stranger,,,,,,,,
,,,,,,,strength,,,,,,,,
,,,,,,,string,,,,,,,,
,,,,,,,studio,,,,,,,,
,,,,,,,stuff,,,,,,,,
,,,,,,,substance,,,,,,,,
,,,,,,,summary,,,,,,,,
,,,,,,,supply,,,,,,,,
,,,,,,,supporter,,,,,,,,
,,,,,,,surface,,,,,,,,
,,,,,,,swim,,,,,,,,
,,,,,,,symptom,,,,,,,,
,,,,,,,tail,,,,,,,,
,,,,,,,talent,,,,,,,,
,,,,,,,tape,,,,,,,,
,,,,,,,tax,,,,,,,,
,,,,,,,technique,,,,,,,,
,,,,,,,tent,,,,,,,,
,,,,,,,theme,,,,,,,,
,,,,,,,theory,,,,,,,,
,,,,,,,throat,,,,,,,,
,,,,,,,tin,,,,,,,,
,,,,,,,toe,,,,,,,,
,,,,,,,tongue,,,,,,,,
,,,,,,,total,,,,,,,,
,,,,,,,touch,,,,,,,,
,,,,,,,trade,,,,,,,,
,,,,,,,translation,,,,,,,,
,,,,,,,treatment,,,,,,,,
,,,,,,,trend,,,,,,,,
,,,,,,,trick,,,,,,,,
,,,,,,,truth,,,,,,,,
,,,,,,,tube,,,,,,,,
,,,,,,,tyre,,,,,,,,
,,,,,,,underwear,,,,,,,,
,,,,,,,unemployment,,,,,,,,
,,,,,,,union,,,,,,,,
,,,,,,,update,,,,,,,,
,,,,,,,value,,,,,,,,
,,,,,,,version,,,,,,,,
,,,,,,,victim,,,,,,,,
,,,,,,,viewer,,,,,,,,
,,,,,,,volunteer,,,,,,,,
,,,,,,,vote,,,,,,,,
,,,,,,,warning,,,,,,,,
,,,,,,,waste,,,,,,,,
,,,,,,,weapon,,,,,,,,
,,,,,,,while,,,,,,,,
,,,,,,,whole,,,,,,,,
,,,,,,,will,,,,,,,,
,,,,,,,win,,,,,,,,
,,,,,,,wing,,,,,,,,
,,,,,,,wonder,,,,,,,,
,,,,,,,wool,,,,,,,,
,,,,,,,worry,,,,,,,,
,,,,,,,yard,,,,,,,,
,,,,,,,young,,,,,,,,
,,,,,,,youth,,,,,,,,
B2 (727)
,,beyond,,,dozen,absolute,academic,whom,afterwards,,abandon,,,plus,
,,but,,,,acceptable,administration,,apparently,,accompany,,,whereas,
,,following,,,,accurate,advance,,basically,,account,,,wherever,
,,via,,,,actual,affair,,beyond,,accuse,,,yet,
,,,,,,additional,agency,,closely,,acknowledge,,,,
,,,,,,advance,agenda,,commonly,,acquire,,,,
,,,,,,aggressive,aid,,constantly,,adapt,,,,
,,,,,,annual,aircraft,,deeply,,address,,,,
,,,,,,anxious,anger,,deliberately,,adopt,,,,
,,,,,,apparent,angle,,downwards,,advance,,,,
,,,,,,appropriate,anniversary,,elsewhere,,aid,,,,
,,,,,,armed,appeal,,entirely,,alarm,,,,
,,,,,,artificial,approach,,fully,,alter,,,,
,,,,,,artistic,approval,,furthermore,,amount,,,,
,,,,,,ashamed,arms,,gradually,,appeal,,,,
,,,,,,associated,aspect,,increasingly,,approach,,,,
,,,,,,bent,assessment,,initially,,approve,,,,
,,,,,,bitter,association,,largely,,arise,,,,
,,,,,,blind,attempt,,long-term,,assess,,,,
,,,,,,brief,bacteria,,nevertheless,,associate,,,,
,,,,,,broad,barrier,,occasionally,,assume,,,,
,,,,,,capable,beat,,otherwise,,attempt,,,,
,,,,,,characteristic,being,,overall,,back,,,,
,,,,,,chief,bet,,partly,,bar,,,,
,,,,,,civil,blame,,rapidly,,battle,,,,
,,,,,,classic,bond,,relatively,,bear,,,,
,,,,,,complicated,breast,,significantly,,beg,,,,
,,,,,,concerned,broadcast,,somewhat,,bet,,,,
,,,,,,confusing,budget,,thus,,bill,,,,
,,,,,,conscious,bullet,,truly,,blame,,,,
,,,,,,conservative,bunch,,ultimately,,border,,,,
,,,,,,consistent,burn,,upwards,,broadcast,,,,
,,,,,,constant,bush,,way,,calculate,,,,
,,,,,,contemporary,cable,,widely,,cancel,,,,
,,,,,,convinced,cancer,,,,capture,,,,
,,,,,,core,capacity,,,,cast,,,,
,,,,,,corporate,capture,,,,chain,,,,
,,,,,,critical,cast,,,,chair,,,,
,,,,,,crucial,catch,,,,challenge,,,,
,,,,,,curved,cell,,,,chart,,,,
,,,,,,decent,chairman,,,,cite,,,,
,,,,,,deliberate,characteristic,,,,collapse,,,,
,,,,,,delighted,chief,,,,comfort,,,,
,,,,,,depressed,circumstance,,,,command,,,,
,,,,,,depressing,citizen,,,,commission,,,,
,,,,,,desperate,classic,,,,concern,,,,
,,,,,,detailed,close,,,,conduct,,,,
,,,,,,dishonest,collapse,,,,conflict,,,,
,,,,,,domestic,combination,,,,construct,,,,
,,,,,,dramatic,comfort,,,,contest,,,,
,,,,,,efficient,command,,,,contract,,,,
,,,,,,elderly,commission,,,,contribute,,,,
,,,,,,emotional,commitment,,,,convert,,,,
,,,,,,enthusiastic,committee,,,,crash,,,,
,,,,,,entire,complex,,,,credit,,,,
,,,,,,ethical,component,,,,criticize,,,,
,,,,,,even,concentration,,,,cure,,,,
,,,,,,evil,concept,,,,curve,,,,
,,,,,,executive,concern,,,,date,,,,
,,,,,,external,conduct,,,,debate,,,,
,,,,,,extraordinary,confidence,,,,declare,,,,
,,,,,,fellow,conflict,,,,decline,,,,
,,,,,,flexible,conservative,,,,decrease,,,,
,,,,,,folding,consideration,,,,defeat,,,,
,,,,,,former,construction,,,,defend,,,,
,,,,,,forward,contest,,,,delay,,,,
,,,,,,fundamental,contract,,,,delight,,,,
,,,,,,grand,contribution,,,,demand,,,,
,,,,,,harmful,core,,,,demonstrate,,,,
,,,,,,hollow,council,,,,deny,,,,
,,,,,,holy,county,,,,desert,,,,
,,,,,,humorous,courage,,,,deserve,,,,
,,,,,,impatient,crash,,,,desire,,,,
,,,,,,impressed,creation,,,,detail,,,,
,,,,,,industrial,creature,,,,detect,,,,
,,,,,,initial,crew,,,,dig,,,,
,,,,,,inner,crisis,,,,discount,,,,
,,,,,,intended,criterion,,,,dismiss,,,,
,,,,,,intense,critic,,,,display,,,,
,,,,,,internal,criticism,,,,distribute,,,,
,,,,,,junior,crop,,,,document,,,,
,,,,,,limited,cry,,,,dominate,,,,
,,,,,,lively,cure,,,,draft,,,,
,,,,,,logical,current,,,,drag,,,,
,,,,,,long-term,curve,,,,edit,,,,
,,,,,,loose,debate,,,,elect,,,,
,,,,,,mass,debt,,,,emerge,,,,
,,,,,,massive,decline,,,,emphasize,,,,
,,,,,,matching,decoration,,,,enable,,,,
,,,,,,material,decrease,,,,encounter,,,,
,,,,,,maximum,defeat,,,,engage,,,,
,,,,,,military,defence,,,,enhance,,,,
,,,,,,minimum,delay,,,,ensure,,,,
,,,,,,minor,delight,,,,establish,,,,
,,,,,,mixed,delivery,,,,estimate,,,,
,,,,,,moral,demand,,,,evaluate,,,,
,,,,,,motor,depth,,,,excuse,,,,
,,,,,,multiple,desire,,,,expose,,,,
,,,,,,mysterious,disc,,,,extend,,,,
,,,,,,neat,discipline,,,,favour,,,,
,,,,,,numerous,display,,,,figure,,,,
,,,,,,objective,distribution,,,,file,,,,
,,,,,,offensive,district,,,,finance,,,,
,,,,,,opposed,divide,,,,flash,,,,
,,,,,,outer,division,,,,float,,,,
,,,,,,overall,dozen,,,,forgive,,,,
,,,,,,patient,draft,,,,found,,,,
,,,,,,permanent,edition,,,,free,,,,
,,,,,,plain,emphasis,,,,fuel,,,,
,,,,,,plus,encounter,,,,function,,,,
,,,,,,pointed,enquiry,,,,fund,,,,
,,,,,,potential,enthusiasm,,,,gain,,,,
,,,,,,pregnant,equal,,,,generate,,,,
,,,,,,prime,estate,,,,govern,,,,
,,,,,,pure,estimate,,,,grab,,,,
,,,,,,rapid,evil,,,,grade,,,,
,,,,,,raw,examination,,,,grant,,,,
,,,,,,realistic,excuse,,,,guarantee,,,,
,,,,,,reasonable,executive,,,,handle,,,,
,,,,,,regional,existence,,,,harm,,,,
,,,,,,relevant,expectation,,,,hesitate,,,,
,,,,,,representative,expense,,,,honour,,,,
,,,,,,resident,exploration,,,,host,,,,
,,,,,,routine,extent,,,,house,,,,
,,,,,,rubber,extreme,,,,illustrate,,,,
,,,,,,rural,facility,,,,imply,,,,
,,,,,,satisfied,failure,,,,impose,,,,
,,,,,,secure,faith,,,,impress,,,,
,,,,,,senior,fault,,,,inform,,,,
,,,,,,sensitive,feather,,,,insist,,,,
,,,,,,severe,fee,,,,inspire,,,,
,,,,,,shallow,feed,,,,install,,,,
,,,,,,shocked,feedback,,,,interpret,,,,
,,,,,,significant,feel,,,,interrupt,,,,
,,,,,,sincere,finance,,,,issue,,,,
,,,,,,slight,finding,,,,justify,,,,
,,,,,,solar,firm,,,,launch,,,,
,,,,,,specialist,fix,,,,lean,,,,
,,,,,,spiritual,flame,,,,level,,,,
,,,,,,stable,flash,,,,line,,,,
,,,,,,steady,fold,,,,load,,,,
,,,,,,steep,fortune,,,,lower,,,,
,,,,,,sticky,freedom,,,,maintain,,,,
,,,,,,stiff,frequency,,,,map,,,,
,,,,,,strict,fund,,,,master,,,,
,,,,,,subject,funding,,,,melt,,,,
,,,,,,surrounding,gain,,,,mistake,,,,
,,,,,,temporary,gang,,,,model,,,,
,,,,,,tough,genre,,,,modify,,,,
,,,,,,tropical,grant,,,,monitor,,,,
,,,,,,unconscious,guarantee,,,,mount,,,,
,,,,,,unexpected,handle,,,,multiply,,,,
,,,,,,unique,harm,,,,narrow,,,,
,,,,,,unknown,hearing,,,,obey,,,,
,,,,,,upper,heaven,,,,object,,,,
,,,,,,urban,heel,,,,observe,,,,
,,,,,,vast,hell,,,,obtain,,,,
,,,,,,very,high,,,,offend,,,,
,,,,,,virtual,hire,,,,operate,,,,
,,,,,,visual,hold,,,,oppose,,,,
,,,,,,vital,honour,,,,outline,,,,
,,,,,,wealthy,household,,,,owe,,,,
,,,,,,willing,housing,,,,pace,,,,
,,,,,,wise,humour,,,,package,,,,
,,,,,,,hunt,,,,permit,,,,
,,,,,,,hunting,,,,picture,,,,
,,,,,,,hurt,,,,pile,,,,
,,,,,,,ideal,,,,plot,,,,
,,,,,,,illustration,,,,pose,,,,
,,,,,,,imagination,,,,position,,,,
,,,,,,,inch,,,,possess,,,,
,,,,,,,incident,,,,power,,,,
,,,,,,,income,,,,praise,,,,
,,,,,,,infection,,,,preserve,,,,
,,,,,,,initiative,,,,price,,,,
,,,,,,,insight,,,,process,,,,
,,,,,,,instance,,,,progress,,,,
,,,,,,,institute,,,,project,,,,
,,,,,,,institution,,,,propose,,,,
,,,,,,,insurance,,,,purchase,,,,
,,,,,,,investigation,,,,pursue,,,,
,,,,,,,investment,,,,range,,,,
,,,,,,,joy,,,,rank,,,,
,,,,,,,judgement,,,,rate,,,,
,,,,,,,justice,,,,recall,,,,
,,,,,,,labour,,,,recover,,,,
,,,,,,,landscape,,,,regard,,,,
,,,,,,,latest,,,,register,,,,
,,,,,,,launch,,,,regret,,,,
,,,,,,,leadership,,,,rely,,,,
,,,,,,,league,,,,remark,,,,
,,,,,,,leave,,,,rescue,,,,
,,,,,,,licence,,,,reserve,,,,
,,,,,,,load,,,,resist,,,,
,,,,,,,loan,,,,resolve,,,,
,,,,,,,lord,,,,retain,,,,
,,,,,,,low,,,,reveal,,,,
,,,,,,,lung,,,,reward,,,,
,,,,,,,majority,,,,rid,,,,
,,,,,,,make,,,,rub,,,,
,,,,,,,mass,,,,rush,,,,
,,,,,,,master,,,,sample,,,,
,,,,,,,maximum,,,,satisfy,,,,
,,,,,,,means,,,,schedule,,,,
,,,,,,,measurement,,,,scream,,,,
,,,,,,,medium,,,,screen,,,,
,,,,,,,military,,,,seat,,,,
,,,,,,,mineral,,,,secure,,,,
,,,,,,,minimum,,,,seek,,,,
,,,,,,,minister,,,,select,,,,
,,,,,,,minority,,,,sense,,,,
,,,,,,,mission,,,,sentence,,,,
,,,,,,,monitor,,,,settle,,,,
,,,,,,,moral,,,,shape,,,,
,,,,,,,motor,,,,shelter,,,,
,,,,,,,national,,,,shift,,,,
,,,,,,,negative,,,,ship,,,,
,,,,,,,nerve,,,,shock,,,,
,,,,,,,nightmare,,,,slide,,,,
,,,,,,,notion,,,,slip,,,,
,,,,,,,objective,,,,slope,,,,
,,,,,,,obligation,,,,speed,,,,
,,,,,,,observation,,,,split,,,,
,,,,,,,offence,,,,sponsor,,,,
,,,,,,,official,,,,spot,,,,
,,,,,,,opening,,,,stage,,,,
,,,,,,,opponent,,,,stare,,,,
,,,,,,,opposition,,,,step,,,,
,,,,,,,organ,,,,stretch,,,,
,,,,,,,origin,,,,strike,,,,
,,,,,,,outcome,,,,structure,,,,
,,,,,,,outline,,,,struggle,,,,
,,,,,,,pace,,,,stuff,,,,
,,,,,,,panel,,,,submit,,,,
,,,,,,,parliament,,,,sum,,,,
,,,,,,,participant,,,,surround,,,,
,,,,,,,passage,,,,survey,,,,
,,,,,,,pension,,,,suspect,,,,
,,,,,,,permit,,,,swear,,,,
,,,,,,,perspective,,,,sweep,,,,
,,,,,,,phase,,,,target,,,,
,,,,,,,phenomenon,,,,tear,,,,
,,,,,,,philosophy,,,,term,,,,
,,,,,,,pick,,,,threaten,,,,
,,,,,,,pile,,,,time,,,,
,,,,,,,pitch,,,,title,,,,
,,,,,,,plus,,,,track,,,,
,,,,,,,popularity,,,,transfer,,,,
,,,,,,,positive,,,,transform,,,,
,,,,,,,potential,,,,trip,,,,
,,,,,,,praise,,,,trouble,,,,
,,,,,,,preparation,,,,trust,,,,
,,,,,,,presence,,,,urge,,,,
,,,,,,,principle,,,,value,,,,
,,,,,,,print,,,,vary,,,,
,,,,,,,priority,,,,whisper,,,,
,,,,,,,privacy,,,,wind,,,,
,,,,,,,procedure,,,,witness,,,,
,,,,,,,produce,,,,wound,,,,
,,,,,,,professional,,,,wrap,,,,
,,,,,,,proof,,,,,,,,
,,,,,,,proposal,,,,,,,,
,,,,,,,prospect,,,,,,,,
,,,,,,,protection,,,,,,,,
,,,,,,,psychologist,,,,,,,,
,,,,,,,psychology,,,,,,,,
,,,,,,,publication,,,,,,,,
,,,,,,,pupil,,,,,,,,
,,,,,,,purchase,,,,,,,,
,,,,,,,rank,,,,,,,,
,,,,,,,reach,,,,,,,,
,,,,,,,reduction,,,,,,,,
,,,,,,,regard,,,,,,,,
,,,,,,,register,,,,,,,,
,,,,,,,regret,,,,,,,,
,,,,,,,regulation,,,,,,,,
,,,,,,,relief,,,,,,,,
,,,,,,,remark,,,,,,,,
,,,,,,,representative,,,,,,,,
,,,,,,,reputation,,,,,,,,
,,,,,,,requirement,,,,,,,,
,,,,,,,rescue,,,,,,,,
,,,,,,,reserve,,,,,,,,
,,,,,,,resident,,,,,,,,
,,,,,,,resort,,,,,,,,
,,,,,,,revolution,,,,,,,,
,,,,,,,reward,,,,,,,,
,,,,,,,rhythm,,,,,,,,
,,,,,,,root,,,,,,,,
,,,,,,,round,,,,,,,,
,,,,,,,rubber,,,,,,,,
,,,,,,,rush,,,,,,,,
,,,,,,,satellite,,,,,,,,
,,,,,,,saving,,,,,,,,
,,,,,,,scale,,,,,,,,
,,,,,,,scheme,,,,,,,,
,,,,,,,scream,,,,,,,,
,,,,,,,sector,,,,,,,,
,,,,,,,selection,,,,,,,,
,,,,,,,self,,,,,,,,
,,,,,,,sequence,,,,,,,,
,,,,,,,session,,,,,,,,
,,,,,,,shade,,,,,,,,
,,,,,,,shadow,,,,,,,,
,,,,,,,shame,,,,,,,,
,,,,,,,shelter,,,,,,,,
,,,,,,,shock,,,,,,,,
,,,,,,,shooting,,,,,,,,
,,,,,,,shot,,,,,,,,
,,,,,,,silence,,,,,,,,
,,,,,,,silk,,,,,,,,
,,,,,,,slave,,,,,,,,
,,,,,,,slide,,,,,,,,
,,,,,,,slope,,,,,,,,
,,,,,,,soul,,,,,,,,
,,,,,,,specialist,,,,,,,,
,,,,,,,species,,,,,,,,
,,,,,,,split,,,,,,,,
,,,,,,,sponsor,,,,,,,,
,,,,,,,spread,,,,,,,,
,,,,,,,stand,,,,,,,,
,,,,,,,status,,,,,,,,
,,,,,,,steel,,,,,,,,
,,,,,,,stock,,,,,,,,
,,,,,,,stream,,,,,,,,
,,,,,,,stretch,,,,,,,,
,,,,,,,strike,,,,,,,,
,,,,,,,struggle,,,,,,,,
,,,,,,,sum,,,,,,,,
,,,,,,,surgery,,,,,,,,
,,,,,,,suspect,,,,,,,,
,,,,,,,switch,,,,,,,,
,,,,,,,sympathy,,,,,,,,
,,,,,,,tale,,,,,,,,
,,,,,,,tank,,,,,,,,
,,,,,,,tear,,,,,,,,
,,,,,,,tear,,,,,,,,
,,,,,,,therapy,,,,,,,,
,,,,,,,threat,,,,,,,,
,,,,,,,tone,,,,,,,,
,,,,,,,transfer,,,,,,,,
,,,,,,,transition,,,,,,,,
,,,,,,,trial,,,,,,,,
,,,,,,,trust,,,,,,,,
,,,,,,,try,,,,,,,,
,,,,,,,tune,,,,,,,,
,,,,,,,tunnel,,,,,,,,
,,,,,,,universe,,,,,,,,
,,,,,,,venue,,,,,,,,
,,,,,,,victory,,,,,,,,
,,,,,,,violence,,,,,,,,
,,,,,,,vision,,,,,,,,
,,,,,,,vitamin,,,,,,,,
,,,,,,,volume,,,,,,,,
,,,,,,,wage,,,,,,,,
,,,,,,,weakness,,,,,,,,
,,,,,,,wealth,,,,,,,,
,,,,,,,whisper,,,,,,,,
,,,,,,,wildlife,,,,,,,,
,,,,,,,wire,,,,,,,,
,,,,,,,witness,,,,,,,,
,,,,,,,worse,,,,,,,,
,,,,,,,worst,,,,,,,,
,,,,,,,worth,,,,,,,,
,,,,,,,wound,,,,,,,,
,,,,,,,wrong,,,,,,,,
,,,,,,,zone,,,,,,,,
